plot,treatment,orientation,id,species,num,survival22,leaflength22,height22,survival_jun23,survival23,dead23,height23,ramets23,leaflength23,numleaves23,flowering23,numflower23,notes23,survival_jun24,survival24,dead24,height24,ramets24,leaflength24,numleaves24,flowering24,numflower24,biomass_a24,biomass_b24,biomass24,notes24
1,warming,SLTR,1,Pmaj,1,1,9.1,,1,1,0,,,4.3,4,0,,,,1,,,,3.5,4,0,,0.0455,0.0556,0.1011,
1,warming,SLTR,2,Pmaj,2,1,6.3,,,1,0,,,5.8,3,0,,,,1,,,,2,3,0,,0.0139,0.0359,0.0498,
1,warming,SLTR,3,Pmaj,3,1,6.2,,,1,0,,,3.2,2,0,,,,0,1,,,,,0,,,,,
1,warming,SLTR,4,Lvul,1,1,,25.3,,0,1,,,,,0,,,,0,,,,,,0,,,,,
1,warming,SLTR,5,Lvul,2,1,,11.7,,1,0,3.2,6,,,0,,,,0,1,,,,,0,,,,,
1,warming,SLTR,6,Lvul,3,1,,10.6,,0,1,,,,,0,,,,0,,,,,,0,,,,,
1,warming,SLTR,7,Toff,1,1,8.7,,1,0,1,,,,,0,,"found in Jun, dead in Aug",,0,,,,,,0,,,,,
1,warming,SLTR,8,Toff,2,1,10.2,,,0,1,,,,,0,,,,0,,,,,,0,,,,,
1,warming,SLTR,9,Toff,3,1,7.4,,,0,1,,,,,0,,,,0,,,,,,0,,,,,
2,control,SLTR,10,Pmaj,1,1,5.9,,,0,1,,,,,0,,,,0,,,,,,0,,,,,
2,control,SLTR,11,Pmaj,2,1,6.4,,,0,1,,,,,0,,,,0,,,,,,0,,,,,
2,control,SLTR,12,Pmaj,3,1,6.1,,,0,1,,,,,0,,,,0,,,,,,0,,,,,
2,control,SLTR,13,Lvul,1,1,,14.2,,0,1,,,,,0,,,,0,,,,,,0,,,,,
2,control,SLTR,14,Lvul,2,1,,10.2,,1,0,1.8,4,,,0,,,,0,1,,,,,0,,,,,
2,control,SLTR,15,Lvul,3,1,,8.4,,0,1,,,,,0,,,,0,,,,,,0,,,,,
2,control,SLTR,16,Toff,1,1,7.4,,,0,1,,,,,0,,,,0,,,,,,0,,,,,
2,control,SLTR,17,Toff,2,1,8,,,0,1,,,,,0,,,,0,,,,,,0,,,,,
2,control,SLTR,18,Toff,3,1,5.4,,,0,1,,,,,0,,,,0,,,,,,0,,,,,
3,control,SRTL,19,Pmaj,1,1,5.6,,,0,1,,,,,0,,"found in Jun, dead in Aug",,0,,,,,,0,,,,,
3,control,SRTL,20,Pmaj,2,1,7.5,,1,1,0,,,4.3,2,0,,,,1,,,,2.6,3,0,,0.0208,0.0415,0.0623,
3,control,SRTL,21,Pmaj,3,1,5.9,,,0,1,,,,,0,,,,1,,,,1,1,0,,0.0002,0.0086,0.0088,
3,control,SRTL,22,Lvul,1,1,,15.5,,1,0,1.8,4,,,0,,,,0,1,,,,,0,,,,,
3,control,SRTL,23,Lvul,2,1,,15.4,,1,0,2.6,2,,,0,,,,0,1,,,,,0,,,,,
3,control,SRTL,24,Lvul,3,1,,13.4,,0,1,,,,,0,,,,0,,,,,,0,,,,,
3,control,SRTL,25,Toff,1,1,15.1,,,0,1,,,,,0,,,,0,,,,,,0,,,,,
3,control,SRTL,26,Toff,2,1,4.7,,,0,1,,,,,0,,,,0,,,,,,0,,,,,
3,control,SRTL,27,Toff,3,1,9.5,,,0,1,,,,,0,,,,0,,,,,,0,,,,,
4,control,SLTR,28,Pmaj,1,1,8.5,,1,1,0,,,4,3,0,,,,1,,,,3.1,1,0,,0.0111,0.0358,0.0469,
4,control,SLTR,29,Pmaj,2,1,6.4,,,1,0,,,4.3,3,0,,,,1,,,,2.8,2,0,,0.0267,0.0499,0.0766,
4,control,SLTR,30,Pmaj,3,1,4.8,,,0,1,,,,,0,,,,0,,,,,,0,,,,,
4,control,SLTR,31,Lvul,1,1,,14.9,,1,0,3.6,3,,,0,,,,0,1,,,,,0,,,,,
4,control,SLTR,32,Lvul,2,1,,14.9,,1,0,2.4,1,,,0,,,,0,1,,,,,0,,,,,
4,control,SLTR,33,Lvul,3,1,,9.1,,1,0,1.6,2,,,0,,,,0,1,,,,,0,,,,,
4,control,SLTR,34,Toff,1,1,5.4,,,0,1,,,,,0,,,,0,,,,,,0,,,,,
4,control,SLTR,35,Toff,2,1,6.9,,,0,1,,,,,0,,,,0,,,,,,0,,,,,
4,control,SLTR,36,Toff,3,1,6.1,,,0,1,,,,,0,,,,0,,,,,,0,,,,,
5,warming,SRTL,37,Pmaj,1,1,7.1,,1,1,0,,,5.6,4,0,,,,1,,,,3.5,3,0,,0.027,0.0358,0.0628,
5,warming,SRTL,38,Pmaj,2,1,6.1,,1,1,0,,,3.5,5,0,,,,1,,,,2.3,3,0,,0.0267,0.0499,0.0766,
5,warming,SRTL,39,Pmaj,3,1,4.5,,,1,0,,,3.6,3,0,,,,1,,,,2.7,4,0,,0.011,0.023,0.034,
5,warming,SRTL,40,Lvul,1,1,,12.1,,1,0,6.5,4,,,0,,,,0,1,,,,,0,,,,,
5,warming,SRTL,41,Lvul,2,1,,15.6,,1,0,1.1,2,,,0,,,,1,,1.9,2,,,0,,0.005,0.0003,0.0053,
5,warming,SRTL,42,Lvul,3,1,,15.7,,1,0,4.9,3,,,0,,,,0,1,,,,,0,,,,,
5,warming,SRTL,43,Toff,1,1,5.3,,,0,1,,,,,0,,,,0,,,,,,0,,,,,
5,warming,SRTL,44,Toff,2,1,4.4,,,0,1,,,,,0,,,,0,,,,,,0,,,,,
5,warming,SRTL,45,Toff,3,1,5.6,,,0,1,,,,,0,,,,0,,,,,,0,,,,,
6,warming,SLTR,46,Pmaj,1,1,5.6,,1,1,0,,,2.7,3,0,,,,1,,,,2,2,0,,0.007,0.0167,0.0237,
6,warming,SLTR,47,Pmaj,2,1,5.5,,,1,0,,,5.4,2,0,,,,1,,,,3.2,3,0,,0.0143,0.031,0.0453,
6,warming,SLTR,48,Pmaj,3,1,7,,,1,0,,,2.6,2,0,,,,1,,,,2.7,2,0,,0.0071,0.0184,0.0255,
6,warming,SLTR,49,Lvul,1,1,,33.4,,0,1,,,,,0,,,,0,,,,,,0,,,,,
6,warming,SLTR,50,Lvul,2,1,,17.2,,1,0,2.7,5,,,0,,,,1,,1.3,1,,,0,,0.008,0.055,0.063,
6,warming,SLTR,51,Lvul,3,1,,13.2,,1,0,3.3,3,,,0,,,,1,,1.7,1,,,0,,0.0003,0.049,0.0493,
6,warming,SLTR,52,Toff,1,1,6.7,,,0,1,,,,,0,,,,0,,,,,,0,,,,,
6,warming,SLTR,53,Toff,2,1,6.4,,,0,1,,,,,0,,,,0,,,,,,0,,,,,
6,warming,SLTR,54,Toff,3,1,6.3,,,0,1,,,,,0,,,,0,,,,,,0,,,,,
7,warming,SRTL,55,Pmaj,1,1,6.1,,,0,1,,,,,0,,,,0,,,,,,0,,,,,
7,warming,SRTL,56,Pmaj,2,1,9.1,,1,1,0,,,3.7,3,0,,,,1,,,,4.7,2,0,,0.0145,0.0324,0.0469,
7,warming,SRTL,57,Pmaj,3,1,10.7,,1,1,0,,,2.9,4,0,,,,1,,,,2.4,3,0,,0.0188,0.0434,0.0622,
7,warming,SRTL,58,Lvul,1,1,,15.7,1,1,0,4.3,1,,,0,,,,0,1,,,,,0,,,,,
7,warming,SRTL,59,Lvul,2,1,,15,,1,0,3.4,6,,,0,,,,1,,1.3,9,,,0,,0.0186,0.1727,0.1913,
7,warming,SRTL,60,Lvul,3,1,,13.6,,0,1,,,,,0,,,,0,,,,,,0,,,,,
7,warming,SRTL,61,Toff,1,1,5.1,,,0,1,,,,,0,,,,0,,,,,,0,,,,,
7,warming,SRTL,62,Toff,2,1,5.9,,,0,1,,,,,0,,,,0,,,,,,0,,,,,
7,warming,SRTL,63,Toff,3,1,6,,,0,1,,,,,0,,,,0,,,,,,0,,,,,
8,control,SRTL,64,Pmaj,1,1,8.8,,1,1,0,,,4.5,4,0,,,,1,,,,3.4,3,0,,0.029,0.031,0.06,
8,control,SRTL,65,Pmaj,2,1,9.9,,,0,1,,,,,0,,,,1,,,,6,4,0,,0.1293,0.1632,0.2925,
8,control,SRTL,66,Pmaj,3,1,10.7,,1,1,0,,,7.9,5,0,,,,0,1,,,,,0,,,,,
8,control,SRTL,67,Lvul,1,1,,18.6,1,1,0,2.8,3,,,0,,,,1,,1.8,3,,,0,,0.009,0.0131,0.0221,
8,control,SRTL,68,Lvul,2,1,,29.6,,1,0,14.9,3,,,0,,,,1,,2,1,,,0,,0.0003,0.0068,0.0071,
8,control,SRTL,69,Lvul,3,1,,26.4,,1,0,16.7,2,,,0,,,,0,1,,,,,0,,,,,
8,control,SRTL,70,Toff,1,1,9.5,,1,1,0,,,5,3,0,,,,0,1,,,,,0,,,,,
8,control,SRTL,71,Toff,2,1,9.2,,,0,1,,,,,0,,,,0,,,,,,0,,,,,
8,control,SRTL,72,Toff,3,1,8.2,,,0,1,,,,,0,,,,0,,,,,,0,,,,,
9,warming,SLTR,73,Pmaj,1,1,9.6,,1,1,0,,,5,4,0,,,,1,,,,4.2,3,0,,0.0228,0.0412,0.064,
9,warming,SLTR,74,Pmaj,2,1,6.2,,,1,0,,,5.4,3,0,,,,1,,,,3.9,3,0,,0.0451,0.0662,0.1113,
9,warming,SLTR,75,Pmaj,3,1,9.2,,,0,1,,,,,0,,,,0,,,,,,0,,,,,
9,warming,SLTR,76,Lvul,1,1,,17.5,,1,0,3.8,2,,,0,,,,0,1,,,,,0,,,,,
9,warming,SLTR,77,Lvul,2,1,,27.4,,1,0,2.5,17,,,0,,,,1,,3.4,3,,,0,,0.0175,0.0311,0.0486,
9,warming,SLTR,78,Lvul,3,1,,21,,1,0,5.5,5,,,0,,,,0,1,,,,,0,,,,,
9,warming,SLTR,79,Toff,1,1,8.2,,,0,1,,,,,0,,,,0,,,,,,0,,,,,
9,warming,SLTR,80,Toff,2,1,10.4,,,0,1,,,,,0,,,,0,,,,,,0,,,,,
9,warming,SLTR,81,Toff,3,1,12.1,,,0,1,,,,,0,,,,0,,,,,,0,,,,,
10,warming,SRTL,82,Pmaj,1,1,5.2,,,0,1,,,,,0,,,,0,,,,,,0,,,,,
10,warming,SRTL,83,Pmaj,2,1,11.4,,,0,1,,,,,0,,,,0,,,,,,0,,,,,
10,warming,SRTL,84,Pmaj,3,1,3.9,,,0,1,,,,,0,,,,0,,,,,,0,,,,,
10,warming,SRTL,85,Lvul,1,1,,9.4,,1,0,1.9,1,,,0,,,,0,1,,,,,0,,,,,
10,warming,SRTL,86,Lvul,2,1,,18.1,,1,0,4.2,3,,,0,,,,0,1,,,,,0,,,,,
10,warming,SRTL,87,Lvul,3,1,,20.8,,1,0,1.8,1,,,0,,,,0,1,,,,,0,,,,,
10,warming,SRTL,88,Toff,1,1,8.2,,,0,1,,,,,0,,,,0,,,,,,0,,,,,
10,warming,SRTL,89,Toff,2,1,10.8,,,0,1,,,,,0,,,,0,,,,,,0,,,,,
10,warming,SRTL,90,Toff,3,1,9.8,,,0,1,,,,,0,,,,0,,,,,,0,,,,,
11,control,SLTR,91,Pmaj,1,1,5.6,,,1,0,,,1.7,2,0,,,,0,1,,,,,0,,,,,
11,control,SLTR,92,Pmaj,2,1,6,,,0,1,,,,,0,,,,0,,,,,,0,,,,,
11,control,SLTR,93,Pmaj,3,1,5.6,,,0,1,,,,,0,,,,0,,,,,,0,,,,,
11,control,SLTR,94,Lvul,1,1,,16.4,1,1,0,3.4,5,,,0,,,,0,1,,,,,0,,,,,
11,control,SLTR,95,Lvul,2,1,,7.4,,0,1,,,,,0,,,,0,,,,,,0,,,,,
11,control,SLTR,96,Lvul,3,1,,16.1,,1,0,2.1,2,,,0,,,,0,1,,,,,0,,,,,
11,control,SLTR,97,Toff,1,1,9.1,,,0,1,,,,,0,,,,0,,,,,,0,,,,,
11,control,SLTR,98,Toff,2,1,9.1,,,0,1,,,,,0,,,,0,,,,,,0,,,,,
11,control,SLTR,99,Toff,3,1,11.8,,,0,1,,,,,0,,,,0,,,,,,0,,,,,
12,control,SRTL,100,Pmaj,1,1,14.3,,,1,0,,,3.7,3,0,,,,0,1,,,,,0,,,,,
12,control,SRTL,101,Pmaj,2,1,9.1,,,0,1,,,,,0,,,,0,,,,,,0,,,,,
12,control,SRTL,102,Pmaj,3,1,16.6,,,0,1,,,,,0,,,,0,,,,,,0,,,,,
12,control,SRTL,103,Lvul,1,1,,13.9,1,0,1,,,,,0,,"found in Jun, dead in Aug",,0,,,,,,0,,,,,
12,control,SRTL,104,Lvul,2,1,,14.7,1,1,0,4.7,2,,,0,,,,0,1,,,,,0,,,,,
12,control,SRTL,105,Lvul,3,1,,13.8,1,1,0,8,1,,,0,,,,0,1,,,,,0,,,,,
12,control,SRTL,106,Toff,1,1,14.6,,,0,1,,,,,0,,,,0,,,,,,0,,,,,
12,control,SRTL,107,Toff,2,1,11,,,0,1,,,,,0,,,,0,,,,,,0,,,,,
12,control,SRTL,108,Toff,3,1,14.4,,,0,1,,,,,0,,,,0,,,,,,0,,,,,
13,warming,SLTR,109,Pmaj,1,1,4.1,,,0,1,,,,,0,,,,0,,,,,,0,,,,,
13,warming,SLTR,110,Pmaj,2,1,6.2,,1,1,0,,2,2.3,8,0,,"2 ramets, 4 leaves each",,0,1,,,,,0,,,,,
13,warming,SLTR,111,Pmaj,3,1,4.3,,1,1,0,,,1.5,4,1,1,,,1,,,,1.4,3,1,,0.0055,0.014,0.0195,
13,warming,SLTR,112,Lvul,1,1,,10.2,1,1,0,1.6,3,,,0,,,,0,1,,,,,0,,,,,
13,warming,SLTR,113,Lvul,2,1,,15.8,1,1,0,2.5,3,,,0,,,,0,1,,,,,0,,,,,
13,warming,SLTR,114,Lvul,3,1,,16.2,,1,0,3.4,3,,,0,,,,1,,1.1,1,,,1,,0.0088,0.0456,0.0544,
13,warming,SLTR,115,Toff,1,1,8.9,,,0,1,,,,,0,,,,0,,,,,,0,,,,,
13,warming,SLTR,116,Toff,2,1,11.2,,,0,1,,,,,0,,,,0,,,,,,0,,,,,
13,warming,SLTR,117,Toff,3,1,10.5,,,1,0,,,3.3,3,0,,,,0,1,,,,,0,,,,,
14,warming,SRTL,118,Pmaj,1,1,4.2,,,0,1,,,,,0,,,,0,,,,,,0,,,,,
14,warming,SRTL,119,Pmaj,2,1,4.5,,1,1,0,,,4,4,0,,,,1,,,,2.4,3,0,,0.0131,0.0192,0.0323,
14,warming,SRTL,120,Pmaj,3,1,7.2,,1,1,0,,,4.1,6,0,,,,1,,,,2.8,3,0,,0.0182,0.0313,0.0495,
14,warming,SRTL,121,Lvul,1,1,,12.4,1,1,0,5.4,4,,,0,,,,0,1,,,,,0,,,,,
14,warming,SRTL,122,Lvul,2,1,,10.9,,1,0,4.2,2,,,0,,,,1,,3.6,4,,,0,,0.0176,0.0848,0.1024,
14,warming,SRTL,123,Lvul,3,1,,13.7,,1,0,5.4,1,,,0,,,,0,1,,,,,0,,,,,
14,warming,SRTL,124,Toff,1,1,18.1,,,0,1,,,,,0,,,,0,,,,,,0,,,,,
14,warming,SRTL,125,Toff,2,1,16,,,0,1,,,,,0,,,,0,,,,,,0,,,,,
14,warming,SRTL,126,Toff,3,1,12,,1,1,0,,,3.3,1,0,,,,1,,,,2.2,1,0,,0.005,0.0342,0.0392,
15,control,SLTR,127,Pmaj,1,1,4.5,,,1,0,,,4.4,3,0,,,,0,1,,,,,0,,,,,
15,control,SLTR,128,Pmaj,2,1,6.5,,,1,0,,,3.4,3,0,,,,0,1,,,,,0,,,,,
15,control,SLTR,129,Pmaj,3,1,3.6,,,0,1,,,,,0,,,,0,,,,,,0,,,,,
15,control,SLTR,130,Lvul,1,1,,13.8,,0,1,,,,,0,,,,0,,,,,,0,,,,,
15,control,SLTR,131,Lvul,2,1,,16.4,,0,1,,,,,0,,,,0,,,,,,0,,,,,
15,control,SLTR,132,Lvul,3,1,,15.1,,1,0,4.6,4,,,0,,,,1,,0.9,2,,,0,,NA,NA,NA,
15,control,SLTR,133,Toff,1,1,13.9,,,1,0,,,9,2,0,,,,0,1,,,,,0,,,,,
15,control,SLTR,134,Toff,2,1,8.2,,,1,0,,,2.7,3,0,,,,0,1,,,,,0,,,,,
15,control,SLTR,135,Toff,3,1,11.9,,,0,1,,,,,0,,,,0,,,,,,0,,,,,
16,control,SRTL,136,Pmaj,1,1,7.2,,1,1,0,,,3,4,0,,,,1,,,,1.8,3,0,,0.0164,0.03817,0.05457,
16,control,SRTL,137,Pmaj,2,1,4.2,,1,1,0,,,3.2,2,0,,,,1,,,,3,2.6,0,,NA,NA,NA,
16,control,SRTL,138,Pmaj,3,1,4.2,,,0,1,,,,,0,,,,0,,,,,,0,,,,,
16,control,SRTL,139,Lvul,1,1,,12.4,1,1,0,3.8,1,,,0,,,,1,,1.7,1,,,0,,0.0121,0.0332,0.0453,
16,control,SRTL,140,Lvul,2,1,,17.3,,1,0,1.9,2,,,0,,,,0,1,,,,,0,,,,,
16,control,SRTL,141,Lvul,3,1,,8.8,,1,0,5.4,1,,,0,,,,1,,1.2,2,,,0,,0.0053,0.0506,0.0559,
16,control,SRTL,142,Toff,1,1,12.2,,,0,1,,,,,0,,,,0,,,,,,0,,,,,
16,control,SRTL,143,Toff,2,1,9.4,,1,1,0,,,2.7,6,0,,,,0,1,,,,,0,,,,,
16,control,SRTL,144,Toff,3,1,12.8,,,0,1,,,,,0,,,,0,,,,,,0,,,,,
17,control,SLTR,145,Pmaj,1,1,3.4,,,0,1,,,,,0,,,,0,,,,,,0,,,,,
17,control,SLTR,146,Pmaj,2,1,6.1,,,1,0,,,2.7,4,0,,,,0,1,,,,,0,,,,,
17,control,SLTR,147,Pmaj,3,1,3.8,,,0,1,,,,,0,,,,0,,,,,,0,,,,,
17,control,SLTR,148,Lvul,1,1,,9.1,,1,0,1.6,1,,,0,,,,0,1,,,,,0,,,,,
17,control,SLTR,149,Lvul,2,1,,28,,1,0,4.6,6,,,0,,,,0,1,,,,,0,,,,,
17,control,SLTR,150,Lvul,3,1,,25.1,,0,1,,,,,0,,,,0,,,,,,0,,,,,
17,control,SLTR,151,Toff,1,1,11.1,,,0,1,,,,,0,,,,0,,,,,,0,,,,,
17,control,SLTR,152,Toff,2,1,13.2,,,0,1,,,,,0,,,,0,,,,,,0,,,,,
17,control,SLTR,153,Toff,3,1,10.5,,,0,1,,,,,0,,,,0,,,,,,0,,,,,
18,warming,SLTR,154,Pmaj,1,1,4.5,,1,1,0,,,4.2,3,1,1,,,0,1,,,,,0,,,,,
18,warming,SLTR,155,Pmaj,2,1,4.2,,,1,0,,,3.7,3,0,,,,1,,,,2.4,3,0,,0.005,0.0192,0.0242,
18,warming,SLTR,156,Pmaj,3,1,5.6,,,0,1,,,,,0,,,,0,,,,,,0,,,,,
18,warming,SLTR,157,Lvul,1,1,,18.3,,1,0,5.6,15,,,0,,,,0,1,,,,,0,,,,,
18,warming,SLTR,158,Lvul,2,1,,14.4,,1,0,0.6,5,,,0,,,,1,,1.3,3,,,0,,0.006,0.0715,0.0775,
18,warming,SLTR,159,Lvul,3,1,,13.6,,1,0,1.9,6,,,0,,,,0,1,,,,,0,,,,,
18,warming,SLTR,160,Toff,1,1,7.9,,,0,1,,,,,0,,,,0,,,,,,0,,,,,
18,warming,SLTR,161,Toff,2,1,12.2,,,0,1,,,,,0,,,,0,,,,,,0,,,,,
18,warming,SLTR,162,Toff,3,1,12.4,,,0,1,,,,,0,,,,0,,,,,,0,,,,,
19,control,SRTL,163,Pmaj,1,1,5.2,,,0,1,,,,,0,,,,0,,,,,,0,,,,,
19,control,SRTL,164,Pmaj,2,1,4,,1,1,0,,,2.1,3,0,,,,1,,,,1.5,3,0,,0.0042,0.0136,0.0178,
19,control,SRTL,165,Pmaj,3,1,3.7,,,1,0,,,2.9,3,0,,,,1,,,,1.8,2,0,,0.0046,0.0109,0.0155,
19,control,SRTL,166,Lvul,1,1,,19.6,1,1,0,5.8,10,,,0,,,,0,1,,,,,0,,,,,
19,control,SRTL,167,Lvul,2,1,,17.4,1,1,0,3.2,2,,,0,,,,0,1,,,,,0,,,,,
19,control,SRTL,168,Lvul,3,1,,19.5,1,1,0,3.7,5,,,0,,,,0,1,,,,,0,,,,,
19,control,SRTL,169,Toff,1,1,5.7,,,0,1,,,,,0,,,,0,,,,,,0,,,,,
19,control,SRTL,170,Toff,2,1,10.2,,,0,1,,,,,0,,,,0,,,,,,0,,,,,
19,control,SRTL,171,Toff,3,1,12.2,,,0,1,,,,,0,,,,0,,,,,,0,,,,,
20,warming,SRTL,172,Pmaj,1,1,3.4,,,1,0,,,2.2,2,0,,,,0,1,,,,,0,,,,,
20,warming,SRTL,173,Pmaj,2,1,3,,,1,0,,,1.9,2,0,,,,1,,,,1.1,2,0,,0.0009,0.0073,0.0082,
20,warming,SRTL,174,Pmaj,3,1,4.9,,,0,1,,,,,0,,,,0,,,,,,0,,,,,
20,warming,SRTL,175,Lvul,1,1,,14.7,1,1,0,4.4,4,,,0,,,,0,1,,,,,0,,,,,
20,warming,SRTL,176,Lvul,2,1,,16.5,1,1,0,1.4,7,,,0,,,,1,,1.9,3,,,0,,0.0011,0.0369,0.038,
20,warming,SRTL,177,Lvul,3,1,,27.9,1,1,0,4.1,3,,,0,,,,1,,2.8,1,,,0,,0.024,0.1218,0.1458,
20,warming,SRTL,178,Toff,1,1,6.8,,,0,1,,,,,0,,,,0,,,,,,0,,,,,
20,warming,SRTL,179,Toff,2,1,6.8,,,1,0,,,2,2,0,,,,0,1,,,,,0,,,,,
20,warming,SRTL,180,Toff,3,1,8.8,,,0,1,,,,,0,,,,0,,,,,,0,,,,,
21,control,SLTR,181,Pmaj,1,1,2,,,0,1,,,,,0,,,,0,,,,,,0,,,,,
21,control,SLTR,182,Pmaj,2,1,11,,1,1,0,,,3,2,0,,,,0,1,,,,,0,,,,,
21,control,SLTR,183,Pmaj,3,1,8.4,,,0,1,,,,,0,,,,0,,,,,,0,,,,,
21,control,SLTR,184,Lvul,1,1,,17.4,,0,1,,,,,0,,,,0,,,,,,0,,,,,
21,control,SLTR,185,Lvul,2,1,,14.8,,0,1,,,,,0,,,,0,,,,,,0,,,,,
21,control,SLTR,186,Lvul,3,1,,13,,0,1,,,,,0,,,,0,,,,,,0,,,,,
21,control,SLTR,187,Toff,1,1,11.3,,,0,1,,,,,0,,,,0,,,,,,0,,,,,
21,control,SLTR,188,Toff,2,1,11.9,,,1,0,,,1.3,3,0,,,,0,1,,,,,0,,,,,
21,control,SLTR,189,Toff,3,1,10.9,,,0,1,,,,,0,,,,0,,,,,,0,,,,,
22,warming,SLTR,190,Pmaj,1,1,6.1,,1,1,0,,,4.1,2,0,,,,1,,,,3.9,4,0,,0.0231,0.0393,0.0624,
22,warming,SLTR,191,Pmaj,2,1,8.8,,1,1,0,,,6.1,4,0,,,,1,,,,4.7,4,0,,0.0512,0.1052,0.1564,
22,warming,SLTR,192,Pmaj,3,1,11.2,,1,1,0,,,5.9,3,0,,,,1,,,,2.7,3,0,,0.0178,0.0327,0.0505,
22,warming,SLTR,193,Lvul,1,1,,25.4,1,1,0,2.9,3,,,0,,,,1,,3,3,,,0,,0.0176,0.0542,0.0718,
22,warming,SLTR,194,Lvul,2,1,,25.6,1,1,0,3.3,2,,,0,,,,1,,2.9,4,,,0,,0.011,0.0539,0.0649,
22,warming,SLTR,195,Lvul,3,1,,26.2,1,1,0,5.4,3,,,0,,,,1,,1.2,1,,,0,,0.0032,0.0215,0.0247,
22,warming,SLTR,196,Toff,1,1,8.2,,,0,1,,,,,0,,,,0,,,,,,0,,,,,
22,warming,SLTR,197,Toff,2,1,11,,,1,0,,,3.9,2,0,,,,0,1,,,,,0,,,,,
22,warming,SLTR,198,Toff,3,1,10.1,,,0,1,,,,,0,,,,0,,,,,,0,,,,,
23,control,SRTL,199,Pmaj,1,1,6.1,,1,1,0,,,3.5,5,0,,,,1,,,,2.3,3,0,,0.0189,0.0363,0.0552,
23,control,SRTL,200,Pmaj,2,1,7.1,,1,1,0,,,4.8,3,0,,,,1,,,,3,4,0,,0.0332,0.0606,0.0938,
23,control,SRTL,201,Pmaj,3,1,5.7,,1,1,0,,,3.1,4,0,,,,0,1,,,,,0,,,,,
23,control,SRTL,202,Lvul,1,1,,13.8,1,1,0,1.4,2,,,0,,,,0,1,,,,,0,,,,,
23,control,SRTL,203,Lvul,2,1,,28.9,1,1,0,4.8,5,,,0,,,,1,,4.2,2,,,0,,0.0211,0.1471,0.1682,
23,control,SRTL,204,Lvul,3,1,,24.5,,1,0,5.6,2,,,0,,,,1,,3.3,3,,,0,,0.0298,0.1335,0.1633,
23,control,SRTL,205,Toff,1,1,12.6,,,0,1,,,,,0,,,,0,,,,,,0,,,,,
23,control,SRTL,206,Toff,2,1,16.9,,,0,1,,,,,0,,,,0,,,,,,0,,,,,
23,control,SRTL,207,Toff,3,1,12.1,,1,1,0,,,3,7,0,,,,0,1,,,,,0,,,,,
24,warming,SRTL,208,Pmaj,1,1,7.4,,1,1,0,,,4.4,5,0,,,,1,,,,3.6,5,0,,0.0247,0.0554,0.0801,
24,warming,SRTL,209,Pmaj,2,1,6.9,,1,1,0,,,4.6,5,0,,,,1,,,,2.3,3,0,,0.0182,0.0443,0.0625,
24,warming,SRTL,210,Pmaj,3,1,6.2,,1,1,0,,,2.7,3,0,,,,0,1,,,,,0,,,,,
24,warming,SRTL,211,Lvul,1,1,,18.1,1,1,0,7.8,1,,,0,,,,1,,4.2,2,,,0,,0.028,0.0661,0.0941,
24,warming,SRTL,212,Lvul,2,1,,5.9,,0,1,,,,,0,,,,0,,,,,,0,,,,,
24,warming,SRTL,213,Lvul,3,1,,14.3,1,1,0,3.2,5,,,0,,,,1,,3.3,3,,,0,,0.0032,0.0117,0.0149,
24,warming,SRTL,214,Toff,1,1,18.5,,,0,1,,,,,0,,,,0,,,,,,0,,,,,
24,warming,SRTL,215,Toff,2,1,9.5,,1,1,0,,,4.8,17,0,,multiple florets,,0,1,,,,,0,,,,,
24,warming,SRTL,216,Toff,3,1,14.3,,,0,1,,,,,0,,,,0,,,,,,0,,,,,
25,warming,SLTR,217,Pmaj,1,1,13.5,,1,1,0,,,4.3,5,0,,,,1,,,,3.1,4,0,,0.0526,0.0755,0.1281,
25,warming,SLTR,218,Pmaj,2,1,9.2,,1,1,0,,,5.5,6,1,1,,,1,,,,3.6,3,1,1,0.0283,0.0454,0.0737,
25,warming,SLTR,219,Pmaj,3,1,7.8,,1,1,0,,,4.9,3,0,,,,1,,,,3,3,0,,0.0131,0.0301,0.0432,
25,warming,SLTR,220,Lvul,1,1,,14,,1,0,2.1,1,,,0,,,,0,1,,,,,0,,,,,
25,warming,SLTR,221,Lvul,2,1,,10.8,,0,1,,,,,0,,,,0,,,,,,0,,,,,
25,warming,SLTR,222,Lvul,3,1,,13.8,,0,1,,,,,0,,,,0,,,,,,0,,,,,
25,warming,SLTR,223,Toff,1,1,14.8,,,0,1,,,,,0,,,,0,,,,,,0,,,,,
25,warming,SLTR,224,Toff,2,1,13.1,,,0,1,,,,,0,,,,0,,,,,,0,,,,,
25,warming,SLTR,225,Toff,3,1,8.1,,,0,1,,,,,0,,,,0,,,,,,0,,,,,
26,control,SRTL,226,Pmaj,1,1,11.1,,1,1,0,,,2.8,5,0,,,,1,,,,1.1,2,0,,0.0088,0.0223,0.0311,
26,control,SRTL,227,Pmaj,2,1,13.1,,1,1,0,,,7.4,3,0,,,,1,,,,4.6,3,0,,0.0491,0.0893,0.1384,
26,control,SRTL,228,Pmaj,3,1,7.5,,,1,0,,,3.6,4,0,,,,1,,,,2.9,4,0,,0.0284,0.053,0.0814,
26,control,SRTL,229,Lvul,1,1,,10.8,1,1,0,2.6,3,,,0,,,,1,,1.5,1,,,0,,0.0081,0.0075,0.0156,
26,control,SRTL,230,Lvul,2,1,,14.9,1,1,0,1.6,5,,,0,,,,0,1,,,,,0,,,,,
26,control,SRTL,231,Lvul,3,1,,30.3,,1,0,4.3,7,,,0,,,,1,,2.8,3,,,0,,0.0082,0.1545,0.1627,
26,control,SRTL,232,Toff,1,1,11.1,,,0,1,,,,,0,,,,0,,,,,,0,,,,,
26,control,SRTL,233,Toff,2,1,13.2,,,0,1,,,,,0,,,,0,,,,,,0,,,,,
26,control,SRTL,234,Toff,3,1,9.1,,,1,0,,,1.3,1,0,,,,0,1,,,,,0,,,,,
27,warming,SLTR,235,Pmaj,1,1,10.1,,,0,1,,,,,0,,,,0,,,,,,0,,,,,
27,warming,SLTR,236,Pmaj,2,1,7.4,,1,1,0,,,4.3,5,0,,,,1,,,,2.2,3,1,1,0.0385,0.0647,0.1032,
27,warming,SLTR,237,Pmaj,3,1,6.5,,1,1,0,,,2.7,3,0,,,,0,1,,,,,0,,,,,
27,warming,SLTR,238,Lvul,1,1,,15.7,1,1,0,11.7,3,,,0,,,,0,1,,,,,0,,,,,
27,warming,SLTR,239,Lvul,2,1,,9.1,1,1,0,2.5,1,,,0,,,,0,1,,,,,0,,,,,
27,warming,SLTR,240,Lvul,3,1,,9.9,,1,0,1.8,1,,,0,,,,0,1,,,,,0,,,,,
27,warming,SLTR,241,Toff,1,1,6.8,,,0,1,,,,,0,,,,0,,,,,,0,,,,,
27,warming,SLTR,242,Toff,2,1,13.9,,,0,1,,,,,0,,,,0,,,,,,0,,,,,
27,warming,SLTR,243,Toff,3,1,14.5,,,0,1,,,,,0,,,,0,,,,,,0,,,,,
28,control,SRTL,244,Pmaj,1,1,8.6,,,0,1,,,,,0,,,,0,,,,,,0,,,,,
28,control,SRTL,245,Pmaj,2,1,4,,1,1,0,,,2,3,0,,,,1,,,,1.8,2,0,,0.0048,0.0236,0.0284,
28,control,SRTL,246,Pmaj,3,1,17.1,,,1,0,,,1.9,3,0,,,,1,,,,0.6,2,0,,0.0018,0.0189,0.0207,
28,control,SRTL,247,Lvul,1,1,,10.6,1,1,0,3.2,2,,,0,,,,0,1,,,,,0,,,,,
28,control,SRTL,248,Lvul,2,1,,20.5,,0,1,,,,,0,,,,0,,,,,,0,,,,,
28,control,SRTL,249,Lvul,3,1,,32.1,,1,0,2.6,2,,,0,,,,0,1,,,,,0,,,,,
28,control,SRTL,250,Toff,1,1,13.6,,,0,1,,,,,0,,,,0,,,,,,0,,,,,
28,control,SRTL,251,Toff,2,1,12.8,,,0,1,,,,,0,,,,0,,,,,,0,,,,,
28,control,SRTL,252,Toff,3,1,13.8,,,0,1,,,,,0,,,,0,,,,,,0,,,,,
29,control,SLTR,253,Pmaj,1,1,9.3,,1,1,0,,,4.8,4,0,,,,0,1,,,,,0,,,,,
29,control,SLTR,254,Pmaj,2,1,5.9,,1,1,0,,,2.2,3,0,,,,1,,,,1.7,2,0,,0.01,0.0254,0.0354,
29,control,SLTR,255,Pmaj,3,1,3.6,,,1,0,,,2,2,0,,,,0,1,,,,,0,,,,,
29,control,SLTR,256,Lvul,1,1,,8.1,1,1,0,3.8,1,,,0,,,,0,1,,,,,0,,,,,
29,control,SLTR,257,Lvul,2,1,,21.8,1,1,0,4.5,3,,,0,,,,0,1,,,,,0,,,,,
29,control,SLTR,258,Lvul,3,1,,15.2,1,1,0,8.4,1,,,0,,,,0,1,,,,,0,,,,,
29,control,SLTR,259,Toff,1,1,10.6,,1,1,0,,,1.7,2,0,,,,0,1,,,,,0,,,,,
29,control,SLTR,260,Toff,2,1,11.6,,,1,0,,,3.8,6,0,,,,0,1,,,,,0,,,,,
29,control,SLTR,261,Toff,3,1,9.7,,,0,1,,,,,0,,,,0,,,,,,0,,,,,
30,warming,SLTR,262,Pmaj,1,1,3.8,,1,0,1,,,,,0,,,,0,,,,,,0,,,,,
30,warming,SLTR,263,Pmaj,2,1,5.1,,,0,1,,,,,0,,,,0,,,,,,0,,,,,
30,warming,SLTR,264,Pmaj,3,1,8.1,,,0,1,,,,,0,,,,0,,,,,,0,,,,,
30,warming,SLTR,265,Lvul,1,1,,7.1,1,1,0,4.2,2,,,0,,,,0,1,,,,,0,,,,,
30,warming,SLTR,266,Lvul,2,1,,11.7,1,1,0,2.4,5,,,0,,,,1,,4.1,4,,,0,,0.02,0.025,0.045,
30,warming,SLTR,267,Lvul,3,1,,27.5,1,1,0,5,2,,,0,,,,0,1,,,,,0,,,,,
30,warming,SLTR,268,Toff,1,1,10.7,,,1,0,,,4.2,2,0,,,,0,1,,,,,0,,,,,
30,warming,SLTR,269,Toff,2,1,10,,,0,1,,,,,0,,,,0,,,,,,0,,,,,
30,warming,SLTR,270,Toff,3,1,8.4,,,0,1,,,,,0,,,,0,,,,,,0,,,,,
31,warming,SRTL,271,Pmaj,1,1,9.4,,,0,1,,,,,0,,,,0,,,,,,0,,,,,
31,warming,SRTL,272,Pmaj,2,1,6.6,,1,1,0,,,4.2,3,0,,leaf chewed off; longest leaf measurement is an estimate,,0,1,,,,,0,,,,,
31,warming,SRTL,273,Pmaj,3,1,7.4,,,1,0,,,1.2,2,0,,,,0,1,,,,,0,,,,,
31,warming,SRTL,274,Lvul,1,1,,9.5,1,1,0,10.1,1,,,0,,,,1,,5.7,2,,,0,,0.0488,0.1589,0.2077,
31,warming,SRTL,275,Lvul,2,1,,8.4,,0,1,,,,,0,,,,0,,,,,,0,,,,,
31,warming,SRTL,276,Lvul,3,1,,6.4,,1,0,4.7,1,,,0,,,,0,1,,,,,0,,,,,
31,warming,SRTL,277,Toff,1,1,7.2,,1,1,0,,,3.6,2,0,,,,0,1,,,,,0,,,,,
31,warming,SRTL,278,Toff,2,1,7.9,,1,1,0,,,4.1,2,0,,,,1,,,,2.1,3,0,,0.0079,0.0761,0.084,
31,warming,SRTL,279,Toff,3,1,11.9,,1,1,0,,,3.5,3,0,,,,1,,,,3,1,0,,0.003,0.0292,0.0322,
32,warming,SLTR,280,Pmaj,1,1,7.5,,1,1,0,,,6.5,3,0,,,,1,,,,3.9,3,0,,0.0437,0.0542,0.0979,
32,warming,SLTR,281,Pmaj,2,1,5.7,,1,1,0,,,2.4,2,0,,,,1,,,,2.8,2,0,,0.0115,0.0248,0.0363,
32,warming,SLTR,282,Pmaj,3,1,7.2,,,1,0,,,6.2,3,0,,,,1,,,,2.9,2,0,,0.0174,0.0291,0.0465,
32,warming,SLTR,283,Lvul,1,1,,10.3,1,1,0,5.9,3,,,0,,,,1,,6.5,2,,,0,,0.0857,0.1028,0.1885,
32,warming,SLTR,284,Lvul,2,1,,24.8,1,1,0,7.3,1,,,0,,,,1,,11,1,,,0,,0.111,0.1064,0.2174,
32,warming,SLTR,285,Lvul,3,1,,32.5,,0,1,,,,,0,,,,0,,,,,,0,,,,,
32,warming,SLTR,286,Toff,1,1,10.8,,,1,0,,,5.4,4,0,,,,1,,,,2.2,3,0,,0.0103,0.1027,0.113,
32,warming,SLTR,287,Toff,2,1,11.1,,,1,0,,2,3.7,11,0,,"2 ramets, 8 leaves on larger one",,1,,,,1.5,3,0,,0.0008,0.0004,0.0012,
32,warming,SLTR,288,Toff,3,1,9.8,,,0,1,,,,,0,,,,0,,,,,,0,,,,,
33,control,SRTL,289,Pmaj,1,1,3.2,,1,1,0,,,3,2,0,,,,0,1,,,,,0,,,,,
33,control,SRTL,290,Pmaj,2,1,6.8,,1,1,0,,,4.3,4,0,,,,0,1,,,,,0,,,,,
33,control,SRTL,291,Pmaj,3,1,4.6,,,1,0,,,4.2,2,0,,leaf chewed off; longest leaf measurement is an estimate,,1,,,,2.9,3,0,,0.024,0.0374,0.0614,
33,control,SRTL,292,Lvul,1,1,,16.5,1,1,0,5.1,2,,,0,,,,0,1,,,,,0,,,,,
33,control,SRTL,293,Lvul,2,1,,23.5,1,1,0,9,1,,,0,,,,1,,4.2,3,,,0,,0.0099,0.0001,0.01,
33,control,SRTL,294,Lvul,3,1,,30.8,,0,1,,,,,0,,,,0,,,,,,0,,,,,
33,control,SRTL,295,Toff,1,1,8.1,,1,0,1,,,,,0,,"found in Jun, dead in Aug",,0,,,,,,0,,,,,
33,control,SRTL,296,Toff,2,1,8.2,,,0,1,,,,,0,,,,0,,,,,,0,,,,,
33,control,SRTL,297,Toff,3,1,8.3,,,0,1,,,,,0,,,,0,,,,,,0,,,,,
34,warming,SRTL,298,Pmaj,1,1,5.3,,,0,1,,,,,0,,,,0,,,,,,0,,,,,
34,warming,SRTL,299,Pmaj,2,1,4.6,,,0,1,,,,,0,,,,0,,,,,,0,,,,,
34,warming,SRTL,300,Pmaj,3,1,5.5,,1,1,0,,,4.2,3,0,,,,1,,,,1.9,2,0,,NA,NA,NA,
34,warming,SRTL,301,Lvul,1,1,,14.3,1,1,0,3.6,1,,,0,,,,1,,6.9,6,,,0,,0.1118,0.0872,0.199,
34,warming,SRTL,302,Lvul,2,1,,24.6,1,1,0,26.5,3,,,1,21,"2 flowering stems, with 14 on the taller stem",,1,,4.3,4,,,0,,0.0935,0.0865,0.18,
34,warming,SRTL,303,Lvul,3,1,,18,1,1,0,12.4,2,,,1,3,,,1,,0.9,4,,,0,,0.0081,0.0002,0.0083,
34,warming,SRTL,304,Toff,1,1,11.5,,1,1,0,,,2.2,5,0,,,,0,1,,,,,0,,,,,
34,warming,SRTL,305,Toff,2,1,11.9,,1,1,0,,,4.6,2,0,,,,0,1,,,,,0,,,,,
34,warming,SRTL,306,Toff,3,1,10.1,,1,1,0,,,2.4,2,0,,,,1,,,,2.6,2,0,,0.0033,0.0132,0.0165,
35,control,SLTR,307,Pmaj,1,1,4.1,,1,1,0,,,2.7,4,0,,,,1,,,,1.2,3,0,,0.0087,0.0269,0.0356,
35,control,SLTR,308,Pmaj,2,1,5.1,,1,1,0,,,1.8,3,0,,,,1,,,,1.9,2,0,,0.0084,0.0208,0.0292,
35,control,SLTR,309,Pmaj,3,1,5,,1,1,0,,,4,3,0,,,,1,,,,2,2,0,,0.0166,0.0258,0.0424,
35,control,SLTR,310,Lvul,1,1,,13.5,1,1,0,5.3,3,,,0,,,,1,,1,1,,,0,,0.0001,0.0002,0.0003,
35,control,SLTR,311,Lvul,2,1,,9.5,1,1,0,3,2,,,0,,,,1,,0.8,3,,,0,,NA,NA,NA,
35,control,SLTR,312,Lvul,3,1,,8.8,,1,0,3.6,4,,,0,,,,0,1,,,,,0,,,,,
35,control,SLTR,313,Toff,1,1,9.1,,1,1,0,,,4.8,3,0,,,,0,1,,,,,0,,,,,
35,control,SLTR,314,Toff,2,1,14,,,0,1,,,,,0,,,,0,,,,,,0,,,,,
35,control,SLTR,315,Toff,3,1,13.2,,,0,1,,,,,0,,,,0,,,,,,0,,,,,
36,warming,SLTR,316,Pmaj,1,1,5.5,,1,1,0,,,4.2,2,0,,,,1,,,,2.1,2,0,,0.0146,0.0356,0.0502,
36,warming,SLTR,317,Pmaj,2,1,5.3,,1,1,0,,,4,3,0,,,,1,,,,2.5,3,0,,0.0228,0.0299,0.0527,
36,warming,SLTR,318,Pmaj,3,1,6.4,,,1,0,,,6.1,4,0,,,,1,,,,4.2,3,0,,0.0412,0.0485,0.0897,
36,warming,SLTR,319,Lvul,1,1,,11,1,1,0,5.6,2,,,0,,,,1,,2,1,,,0,,0.01,0.064,0.074,
36,warming,SLTR,320,Lvul,2,1,,10.2,1,1,0,2.9,2,,,0,,,,1,,0.8,1,,,0,,0.0002,0.0011,0.0013,
36,warming,SLTR,321,Lvul,3,1,,6.4,,1,0,3.7,1,,,0,,,,0,1,,,,,0,,,,,
36,warming,SLTR,322,Toff,1,1,10.5,,1,0,1,,,,,0,,"found in Jun, dead in Aug",,0,,,,,,0,,,,,
36,warming,SLTR,323,Toff,2,1,11.4,,,0,1,,,,,0,,,,0,,,,,,0,,,,,
36,warming,SLTR,324,Toff,3,1,8.1,,,0,1,,,,,0,,,,0,,,,,,0,,,,,
37,control,SRTL,325,Pmaj,1,1,3.9,,,0,1,,,,,0,,,,0,,,,,,0,,,,,
37,control,SRTL,326,Pmaj,2,1,0.6,,1,1,0,,,3.3,3,0,,,,1,,,,2.5,2,0,,0.0163,0.0199,0.0362,
37,control,SRTL,327,Pmaj,3,1,6.1,,1,1,0,,,2.2,2,0,,,,1,,,,2,2,0,,0.0146,0.0224,0.037,
37,control,SRTL,328,Lvul,1,1,,15.5,,0,1,,,,,0,,,,0,,,,,,0,,,,,
37,control,SRTL,329,Lvul,2,1,,15.5,,1,0,3.5,4,,,0,,,,0,1,,,,,0,,,,,
37,control,SRTL,330,Lvul,3,1,,8.5,,0,1,,,,,0,,,,0,,,,,,0,,,,,
37,control,SRTL,331,Toff,1,1,19,,,0,1,,,,,0,,,,0,,,,,,0,,,,,
37,control,SRTL,332,Toff,2,1,8.5,,1,1,0,,,3.2,1,0,,,,0,1,,,,,0,,,,,
37,control,SRTL,333,Toff,3,1,7.8,,,1,0,,,5.6,2,0,,,,0,1,,,,,0,,,,,
38,warming,SRTL,334,Pmaj,1,1,6.2,,1,1,0,,,3.3,3,0,,,,0,1,,,,,0,,,,,
38,warming,SRTL,335,Pmaj,2,1,5.5,,,1,0,,,2.6,3,0,,,,1,,,,2.3,3,0,,0.0081,0.025,0.0331,
38,warming,SRTL,336,Pmaj,3,1,5.1,,,0,1,,,,,0,,,,0,,,,,,0,,,,,
38,warming,SRTL,337,Lvul,1,1,,12,,0,1,,,,,0,,,,0,,,,,,0,,,,,
38,warming,SRTL,338,Lvul,2,1,,8.8,,1,0,3.8,3,,,0,,,,0,1,,,,,0,,,,,
38,warming,SRTL,339,Lvul,3,1,,12.5,,0,1,,,,,0,,,,0,,,,,,0,,,,,
38,warming,SRTL,340,Toff,1,1,9.1,,,0,1,,,,,0,,,,0,,,,,,0,,,,,
38,warming,SRTL,341,Toff,2,1,5.6,,1,1,0,,,4.2,2,0,,,,0,1,,,,,0,,,,,
38,warming,SRTL,342,Toff,3,1,6.3,,,1,0,,,2.1,2,0,,,,0,1,,,,,0,,,,,
39,control,SLTR,343,Pmaj,1,1,5.6,,,0,1,,,,,0,,,,0,,,,,,0,,,,,
39,control,SLTR,344,Pmaj,2,1,6,,1,1,0,,,4.5,3,0,,leaf chewed off; longest leaf measurement is an estimate,,0,1,,,,,0,,,,,
39,control,SLTR,345,Pmaj,3,1,5.3,,,0,1,,,,,0,,,,0,,,,,,0,,,,,
39,control,SLTR,346,Lvul,1,1,,20.2,1,1,0,6.6,6,,,0,,,,1,,5.6,1,,,0,,0.014,0.2461,0.2601,
39,control,SLTR,347,Lvul,2,1,,18.7,,1,0,7.8,3,,,0,,,,1,,1.6,3,,,0,,0.0157,0.0073,0.023,
39,control,SLTR,348,Lvul,3,1,,12.5,,1,0,7.4,2,,,0,,,,1,,3.6,1,,,0,,0.0192,0.0162,0.0354,
39,control,SLTR,349,Toff,1,1,9,,,1,0,,,2.9,2,0,,,,1,,,,2.9,2,0,,0.0079,0.0536,0.0615,
39,control,SLTR,350,Toff,2,1,7.6,,,0,1,,,,,0,,,,1,,,,2.1,1,0,,0.0008,0.0001,0.0009,
39,control,SLTR,351,Toff,3,1,12.8,,,0,1,,,,,0,,,,1,,,,1.1,3,0,,0.0012,0.0254,0.0266,
40,control,SRTL,352,Pmaj,1,1,3,,1,1,0,,,1.8,2,0,,,,1,,,,0.9,2,0,,0.0003,0.0089,0.0092,
40,control,SRTL,353,Pmaj,2,1,7.1,,1,1,0,,,6.2,3,0,,,,1,,,,4.5,3,0,,0.0328,0.0447,0.0775,
40,control,SRTL,354,Pmaj,3,1,6.1,,,1,0,,,5,4,0,,,,1,,,,3.7,3,0,,0.0208,0.0737,0.0945,
40,control,SRTL,355,Lvul,1,1,,19.2,1,1,0,4.2,2,,,0,,,,0,1,,,,,0,,,,,
40,control,SRTL,356,Lvul,2,1,,9.4,,0,1,,,,,0,,,,0,,,,,,0,,,,,
40,control,SRTL,357,Lvul,3,1,,15.7,,0,1,,,,,0,,,,0,,,,,,0,,,,,
40,control,SRTL,358,Toff,1,1,11.5,,1,0,1,,,,,0,,,,0,,,,,,0,,,,,
40,control,SRTL,359,Toff,2,1,13.3,,,1,0,,,4.5,3,0,,,,1,,,,2.9,3,0,,0.027,0.0138,0.0408,
40,control,SRTL,360,Toff,3,1,7.6,,,0,1,,,,,0,,,,0,,,,,,0,,,,,